<?xml version="1.0" encoding="UTF-8"?>

<!-- * PopulateDatabase.xml * * Copyright (C) 2018 Universidad de Sevilla 
	* * The use of this project is hereby constrained to the conditions of the 
	* TDG Licence, a copy of which you may download from * http://www.tdg-seville.info/License.html -->

<beans xmlns="http://www.springframework.org/schema/beans"
	xmlns:xsi="http://www.w3.org/2001/XMLSchema-instance"
	xsi:schemaLocation="
		http://www.springframework.org/schema/beans http://www.springframework.org/schema/beans/spring-beans.xsd
	">

	<!-- User accounts -->

	<bean id="userAccount1" class="security.UserAccount">
		<property name="username" value="admin" />
		<property name="password" value="21232f297a57a5a743894a0e4a801fc3" />
		<property name="banned" value="false" />
		<property name="authorities">
			<list>
				<bean id="authority1" class="security.Authority">
					<property name="authority" value="ADMIN" />
				</bean>
			</list>
		</property>
	</bean>

	<!-- Other domain beans come here -->

	<!-- Administrator beans -->

	<bean id="admin" class="domain.Administrator">
		<property name="name" value="Luis" />
		<property name="middleName" value="NueveConDosDerecho" />
		<property name="surname" value="Lucanlun" />
		<property name="photo"
			value="https://cdnb.20m.es/sites/76/2015/07/La-an%C3%A9cdota-sobre-la-famosa-e-ic%C3%B3nica-foto-de-Albert-Einstein-sacando-la-lengua.jpeg" />
		<property name="email" value="luc@gmail.com" />
		<property name="phone" value="639854163" />
		<property name="address" value="c/Tarfia" />
		<property name="suspicious" value="false" />
		<property name="socialProfiles">
			<list></list>
		</property>
		<property name="userAccount" ref="userAccount1" />
		<property name="boxes">
			<list>
				<ref bean="inBox1" />
				<ref bean="outBox1" />
				<ref bean="trashBox1" />
				<ref bean="spamBox1" />
			</list>
		</property>
	</bean>

	<!-- Box beans -->

	<bean id="inBox1" class="domain.Box">
		<property name="name" value="In box" />
		<property name="system" value="true" />
		<property name="actor" ref="admin" />
		<property name="parent">
			<null />
		</property>
		<property name="children">
			<list></list>
		</property>
		<property name="messages">
			<list></list>
		</property>
	</bean>

	<bean id="outBox1" class="domain.Box">
		<property name="name" value="Out box" />
		<property name="system" value="true" />
		<property name="actor" ref="admin" />
		<property name="parent">
			<null />
		</property>
		<property name="children">
			<list></list>
		</property>
		<property name="messages">
			<list></list>
		</property>
	</bean>

	<bean id="trashBox1" class="domain.Box">
		<property name="name" value="Trash box" />
		<property name="system" value="true" />
		<property name="actor" ref="admin" />
		<property name="parent">
			<null />
		</property>
		<property name="children">
			<list></list>
		</property>
		<property name="messages">
			<list></list>
		</property>
	</bean>

	<bean id="spamBox1" class="domain.Box">
		<property name="name" value="Spam box" />
		<property name="system" value="true" />
		<property name="actor" ref="admin" />
		<property name="parent">
			<null />
		</property>
		<property name="children">
			<list></list>
		</property>
		<property name="messages">
			<list></list>
		</property>
	</bean>


	<!-- Configuration beans -->

	<bean id="configuration1" class="domain.Configuration">
		<property name="systemName" value="Acme Handy Worker" />
		<property name="banner" value="https://tinyurl.com/acme-handy-worker-logo" />
		<property name="welcomeES"
			value="¡Bienvenidos a Acme Handy Worker! Precio, calidad y confianza en el mismo sitio" />
		<property name="welcomeEN"
			value="Welcome to Acme Handy Worker! Price, quality, and trust in a single place" />
		<property name="spamWords">
			<list>
				<value>sex</value>
				<value>viagra</value>
				<value>cialis</value>
				<value>one million</value>
				<value>you’ve been selected</value>
				<value>Nigeria</value>
				<value>sexo</value>
				<value>un millón</value>
				<value>ha sido seleccionado</value>
			</list>
		</property>
		<property name="vat" value="21.00" />
		<property name="countryCode" value="+34" />
		<property name="creditCardList">
			<list>
				<value>VISA</value>
				<value>MASTER</value>
				<value>DINNERS</value>
				<value>AMEX</value>
			</list>
		</property>
		<property name="expireFinderMinutes" value="60" />
		<property name="maxFinderResults" value="10" />
		<property name="positiveWords">
			<list>
				<value>good</value>
				<value>fantastic</value>
				<value>excellent</value>
				<value>amazing</value>
				<value>great</value>
				<value>terrific</value>
				<value>beautiful</value>
				<value>bueno</value>
				<value>fantástico</value>
				<value>excelente</value>
				<value>increíble</value>
				<value>genial</value>
				<value>estupendo</value>
				<value>hermoso</value>
			</list>
		</property>
		<property name="negativeWords">
			<list>
				<value>not</value>
				<value>bad</value>
				<value>horrible</value>
				<value>average</value>
				<value>disaster</value>
				<value>no</value>
				<value>malo</value>
				<value>mediocre</value>
				<value>desastre</value>
			</list>
		</property>

	</bean>

	<!-- Category beans -->

	<bean id="category1" class="domain.Category">
		<property name="name" value="CATEGORY" />
		<property name="nameES" value="CATEGORIA" />
		<property name="parent">
			<null />
		</property>
		<property name="children">
			<list>
				<ref bean="category2" />
				<ref bean="category3" />
			</list>
		</property>
	</bean>

	<bean id="category2" class="domain.Category">
		<property name="name" value="Carpentry" />
		<property name="nameES" value="CarpinterÃ­a" />
		<property name="parent" ref="category1" />
		<property name="children">
			<list>
			</list>
		</property>
	</bean>

	<bean id="category3" class="domain.Category">
		<property name="name" value="Ceiling repair" />
		<property name="nameES" value="ReparaciÃ³n de techo" />
		<property name="parent" ref="category1" />
		<property name="children">
			<list>
			</list>
		</property>
	</bean>

	<bean id="category4" class="domain.Category">
		<property name="name" value="Cleaning" />
		<property name="nameES" value="Limpieza" />
		<property name="parent" ref="category1" />
		<property name="children">
			<list>
			</list>
		</property>
	</bean>

	<bean id="category5" class="domain.Category">
		<property name="name" value="Concrete work" />
		<property name="nameES" value="Trabajo especÃ­fico" />
		<property name="parent" ref="category1" />
		<property name="children">
			<list>
			</list>
		</property>
	</bean>

	<bean id="category6" class="domain.Category">
		<property name="name" value="Doors" />
		<property name="nameES" value="Puertas" />
		<property name="parent" ref="category1" />
		<property name="children">
			<list>
			</list>
		</property>
	</bean>

	<bean id="category7" class="domain.Category">
		<property name="name" value="Electrical wiring" />
		<property name="nameES" value="Cableado elÃ©ctrico" />
		<property name="parent" ref="category1" />
		<property name="children">
			<list>
			</list>
		</property>
	</bean>

	<bean id="category8" class="domain.Category">
		<property name="name" value="Fan installation" />
		<property name="nameES" value="InstalaciÃ³n de ventiladores" />
		<property name="parent" ref="category1" />
		<property name="children">
			<list>
			</list>
		</property>
	</bean>

	<bean id="category9" class="domain.Category">
		<property name="name" value="Fence fixing" />
		<property name="nameES" value="Arreglo de valla" />
		<property name="parent" ref="category1" />
		<property name="children">
			<list>
			</list>
		</property>
	</bean>

	<bean id="category10" class="domain.Category">
		<property name="name" value="Home security systems" />
		<property name="nameES" value="Sistemas de seguridad" />
		<property name="parent" ref="category1" />
		<property name="children">
			<list>
			</list>
		</property>
	</bean>

	<bean id="category11" class="domain.Category">
		<property name="name" value="Insulation installation" />
		<property name="nameES" value="InstalaciÃ³n de aislamientos" />
		<property name="parent" ref="category1" />
		<property name="children">
			<list>
			</list>
		</property>
	</bean>

	<bean id="category12" class="domain.Category">
		<property name="name" value="Lamp repairs" />
		<property name="nameES" value="Reparaciones de lÃ¡mparas" />
		<property name="parent" ref="category1" />
		<property name="children">
			<list>
			</list>
		</property>
	</bean>

	<bean id="category13" class="domain.Category">
		<property name="name" value="Moving" />
		<property name="nameES" value="Motor" />
		<property name="parent" ref="category1" />
		<property name="children">
			<list>
			</list>
		</property>
	</bean>

	<bean id="category14" class="domain.Category">
		<property name="name" value="Painting" />
		<property name="nameES" value="Pintura" />
		<property name="parent" ref="category1" />
		<property name="children">
			<list>
			</list>
		</property>
	</bean>

	<bean id="category15" class="domain.Category">
		<property name="name" value="Pest control" />
		<property name="nameES" value="Control de pestes" />
		<property name="parent" ref="category1" />
		<property name="children">
			<list>
			</list>
		</property>
	</bean>

	<bean id="category16" class="domain.Category">
		<property name="name" value="Plumbing repairs" />
		<property name="nameES" value="Reparaciones de tuberÃ­as" />
		<property name="parent" ref="category1" />
		<property name="children">
			<list>
			</list>
		</property>
	</bean>

	<bean id="category17" class="domain.Category">
		<property name="name" value="Roofing" />
		<property name="nameES" value="Techumbres" />
		<property name="parent" ref="category1" />
		<property name="children">
			<list>
			</list>
		</property>
	</bean>

	<bean id="category18" class="domain.Category">
		<property name="name" value="Shelf installation" />
		<property name="nameES" value="Auto-instalaciÃ³n" />
		<property name="parent" ref="category1" />
		<property name="children">
			<list>
			</list>
		</property>
	</bean>

	<bean id="category19" class="domain.Category">
		<property name="name" value="Solar panels" />
		<property name="nameES" value="Paneles solares" />
		<property name="parent" ref="category1" />
		<property name="children">
			<list>
			</list>
		</property>
	</bean>

	<bean id="category20" class="domain.Category">
		<property name="name" value="Soundproofing" />
		<property name="nameES" value="Prueba de sonido" />
		<property name="parent" ref="category1" />
		<property name="children">
			<list>
			</list>
		</property>
	</bean>

	<bean id="category21" class="domain.Category">
		<property name="name" value="Sprinkler repair" />
		<property name="nameES" value="ReparaciÃ³n de aspersores" />
		<property name="parent" ref="category1" />
		<property name="children">
			<list>
			</list>
		</property>
	</bean>

	<bean id="category22" class="domain.Category">
		<property name="name" value="Window repair" />
		<property name="nameES" value="ReparaciÃ³n de ventana" />
		<property name="parent" ref="category1" />
		<property name="children">
			<list>
			</list>
		</property>
	</bean>

	<!-- Warranty beans -->

	<bean id="warranty1" class="domain.Warranty">
		<property name="title" value="Defects In Materials and Workmanship" />
		<property name="terms"
			value="the product is free from defects in materials and workmanship." />
		<property name="laws" value="Law 23/2003, 10 of july" />
		<property name="finalMode" value="true"></property>
	</bean>

	<bean id="warranty2" class="domain.Warranty">
		<property name="title" value="Satisfaction guarantee" />
		<property name="terms"
			value="The advertiser must refund the full purchase price regardless of the reason for dissatisfaction." />
		<property name="laws" value="Law 23/2003, 10 of july" />
		<property name="finalMode" value="true"></property>
	</bean>

	<bean id="warranty3" class="domain.Warranty">
		<property name="title" value="One year warranty." />
		<property name="terms"
			value="The actual time that product can be expected to perform." />
		<property name="laws" value="Law 23/2003, 10 of july" />
		<property name="finalMode" value="false"></property>
	</bean>

</beans>