<?xml version="1.0" encoding="UTF-8"?>

<!-- 
  * tiles.xml 
  * 
  * Copyright (C) 2018 Universidad de Sevilla 
  * 
  * The use of this project is hereby constrained to the conditions of the 
  * TDG Licence, a copy of which you may download from 
  * http://www.tdg-seville.info/License.html 
-->

<beans xmlns="http://www.springframework.org/schema/beans"
	xmlns:util="http://www.springframework.org/schema/util" xmlns:xsi="http://www.w3.org/2001/XMLSchema-instance"
	xsi:schemaLocation="
		http://www.springframework.org/schema/beans http://www.springframework.org/schema/beans/spring-beans-4.0.xsd
		http://www.springframework.org/schema/util http://www.springframework.org/schema/util/spring-util-4.0.xsd
	">

	<util:list id="tiles">
		<value>/views/master-page/tiles.xml</value>		
		<value>/views/misc/tiles.xml</value>		
		<value>/views/security/tiles.xml</value>
		<value>/views/welcome/tiles.xml</value>
		
		<value>/views/administrator/tiles.xml</value>
		<value>/views/customer/tiles.xml</value>
		
		<value>/views/application/tiles.xml</value>
		<value>/views/phase/tiles.xml</value>
		<value>/views/box/tiles.xml</value>
		<value>/views/message/tiles.xml</value>
		<value>/views/socialProfile/tiles.xml</value>
		<value>/views/curriculum/tiles.xml</value>
		<value>/views/educationRecord/tiles.xml</value>
		<value>/views/endorserRecord/tiles.xml</value>
		<value>/views/miscellaneousRecord/tiles.xml</value>
		<value>/views/personalRecord/tiles.xml</value>
		<value>/views/professionalRecord/tiles.xml</value>
		<value>/views/referee/tiles.xml</value>
		<value>/views/configuration/tiles.xml</value>
		<value>/views/fixUpTask/tiles.xml</value>
		<value>/views/endorsement/tiles.xml</value>
		<value>/views/category/tiles.xml</value>
		<value>/views/handyWorker/tiles.xml</value>
		<value>/views/finder/tiles.xml</value>
		
		<value>/views/section/tiles.xml</value>
		<value>/views/sponsor/tiles.xml</value>
		<value>/views/sponsorship/tiles.xml</value>
		<value>/views/tutorial/tiles.xml</value>
		
		<value>/views/report/tiles.xml</value>
		<value>/views/complaint/tiles.xml</value>
		<value>/views/note/tiles.xml</value>	
		
		<value>/views/warranty/tiles.xml</value>	
			
		
	</util:list>

</beans>